request_id,amount_safe_to_pay,affordability_status,recommended_payment_method,payment_plan,earliest_date_for_full_payment,spending_changes_needed,decision_explanation
request_26,15656000,affordable_now,full_payment,2025-08-03:15656000,2025-08-03,none,Full payment of 15656000 is safe on the request date.
request_27,6670,affordable_now,full_payment,2026-07-05:6670,2026-07-05,none,Full payment of 6670 is safe on the request date.
request_28,406.55,affordable_later,wait,none,2024-07-15,none,Full payment becomes safe on 2024-07-15.
request_29,37279.15,not_affordable,not_recommended,none,,none,Request is not affordable within the 90-day forecast.
request_30,693.78,not_affordable,not_recommended,none,,none,Request is not affordable within the 90-day forecast.
request_31,4398471.71,affordable_later,wait,none,2024-10-15,none,Full payment becomes safe on 2024-10-15.
request_32,0,not_affordable,not_recommended,none,,none,Request is not affordable within the 90-day forecast.
request_33,47878.98,affordable_later,wait,none,2026-02-15,none,Full payment becomes safe on 2026-02-15.
request_34,129400,affordable_now,full_payment,2024-12-04:129400,2024-12-04,none,Full payment of 129400 is safe on the request date.
request_35,52429.54,affordable_later,wait,none,2026-01-15,none,Full payment becomes safe on 2026-01-15.
request_36,739.9,affordable_later,wait,none,2026-09-15,none,Full payment becomes safe on 2026-09-15.
request_37,4977169.09,affordable_later,wait,none,2024-05-15,none,Full payment becomes safe on 2024-05-15.
request_38,252.62,affordable_later,wait,none,2025-09-15,none,Full payment becomes safe on 2025-09-15.
request_39,65414.87,affordable_later,wait,none,2026-05-15,none,Full payment becomes safe on 2026-05-15.
request_40,0,not_affordable,not_recommended,none,,none,Request is not affordable within the 90-day forecast.
request_41,14200526.62,affordable_later,wait,none,2025-12-15,none,Full payment becomes safe on 2025-12-15.
request_42,52100,affordable_now,full_payment,2026-01-05:52100,2026-01-05,none,Full payment of 52100 is safe on the request date.
request_43,10438524.37,affordable_later,wait,none,2024-11-15,none,Full payment becomes safe on 2024-11-15.
request_44,0,not_affordable,not_recommended,none,,none,Request is not affordable within the 90-day forecast.
request_45,4922002.29,affordable_later,wait,none,2026-09-15,none,Full payment becomes safe on 2026-09-15.
request_46,0,not_affordable,not_recommended,none,,none,Request is not affordable within the 90-day forecast.
request_47,23764681.37,not_affordable,not_recommended,none,,none,Request is not affordable within the 90-day forecast.
request_48,45700,affordable_now,full_payment,2026-07-25:45700,2026-07-25,none,Full payment of 45700 is safe on the request date.
request_49,0,not_affordable,not_recommended,none,,none,Request is not affordable within the 90-day forecast.
request_50,43900,affordable_now,full_payment,2025-08-06:43900,2025-08-06,none,Full payment of 43900 is safe on the request date.
request_51,2191000,affordable_now,full_payment,2026-01-03:2191000,2026-01-03,none,Full payment of 2191000 is safe on the request date.
request_52,18972.32,affordable_with_plan,partial_payment,2024-06-05:18972.32|2024-06-15:9897.68,2024-06-15,none,Safe to proceed via partial payment.
request_53,0,not_affordable,not_recommended,none,,none,Request is not affordable within the 90-day forecast.
request_54,7651.74,not_affordable,not_recommended,none,,none,Request is not affordable within the 90-day forecast.
request_55,0,not_affordable,not_recommended,none,,none,Request is not affordable within the 90-day forecast.
request_56,850,affordable_with_plan,partial_payment,2025-02-03:850|2025-02-15:31.56,2025-02-15,none,Safe to proceed via partial payment.
request_57,14065.19,affordable_later,wait,none,2026-05-15,none,Full payment becomes safe on 2026-05-15.
request_58,16226000,affordable_now,full_payment,2024-12-07:16226000,2024-12-07,none,Full payment of 16226000 is safe on the request date.
request_59,0,not_affordable,not_recommended,none,,none,Request is not affordable within the 90-day forecast.
request_60,199.89,affordable_now,full_payment,2026-01-06:199.89,2026-01-06,none,Full payment of 199.89 is safe on the request date.
request_61,0,not_affordable,not_recommended,none,,none,Request is not affordable within the 90-day forecast.
request_62,404.23,affordable_now,full_payment,2025-08-05:404.23,2025-08-05,none,Full payment of 404.23 is safe on the request date.
request_63,67022.88,not_affordable,not_recommended,none,,none,Request is not affordable within the 90-day forecast.
request_64,0,not_affordable,not_recommended,none,,none,Request is not affordable within the 90-day forecast.
request_65,8600.67,not_affordable,not_recommended,none,2026-01-15,none,Request is not affordable within the 90-day forecast.
request_66,22200,affordable_now,full_payment,2026-04-03:22200,2026-04-03,none,Full payment of 22200 is safe on the request date.
request_67,457.69,affordable_later,wait,none,2024-10-15,none,Full payment becomes safe on 2024-10-15.
request_68,0,not_affordable,not_recommended,none,,none,Request is not affordable within the 90-day forecast.
request_69,529.1,affordable_now,full_payment,2026-01-04:529.1,2026-01-04,none,Full payment of 529.1 is safe on the request date.
request_70,56899.81,affordable_later,wait,none,2025-02-15,none,Full payment becomes safe on 2025-02-15.
request_71,1154793.73,not_affordable,not_recommended,none,,none,Request is not affordable within the 90-day forecast.
request_72,0,not_affordable,not_recommended,none,,none,Request is not affordable within the 90-day forecast.
request_73,71400,affordable_now,full_payment,2023-01-20:71400,2023-01-20,none,Full payment of 71400 is safe on the request date.
request_74,5010,affordable_now,full_payment,2025-08-04:5010,2025-08-04,none,Full payment of 5010 is safe on the request date.
request_75,27115.5,not_affordable,not_recommended,none,,none,Request is not affordable within the 90-day forecast.
request_76,1056.86,not_affordable,not_recommended,none,,none,Request is not affordable within the 90-day forecast.
request_77,60700,affordable_now,full_payment,2025-11-05:60700,2025-11-05,none,Full payment of 60700 is safe on the request date.
request_78,50200,affordable_now,full_payment,2025-10-02:50200,2025-10-02,none,Full payment of 50200 is safe on the request date.
request_79,371.73,not_affordable,not_recommended,none,2024-11-15,none,Request is not affordable within the 90-day forecast.
request_80,123452.74,not_affordable,not_recommended,none,,none,Request is not affordable within the 90-day forecast.
request_81,2076,affordable_now,full_payment,2026-07-03:2076,2026-07-03,none,Full payment of 2076 is safe on the request date.
request_82,527.84,affordable_later,wait,none,2025-01-15,none,Full payment becomes safe on 2025-01-15.
request_83,0,not_affordable,not_recommended,none,,none,Request is not affordable within the 90-day forecast.
request_84,30543.97,affordable_later,wait,none,2026-05-15,none,Full payment becomes safe on 2026-05-15.
request_85,1483728.31,not_affordable,not_recommended,none,,none,Request is not affordable within the 90-day forecast.
request_86,46300,affordable_now,full_payment,2025-08-03:46300,2025-08-03,none,Full payment of 46300 is safe on the request date.
request_87,0,not_affordable,not_recommended,none,,none,Request is not affordable within the 90-day forecast.
request_88,0,not_affordable,not_recommended,none,,none,Request is not affordable within the 90-day forecast.
request_89,0,not_affordable,not_recommended,none,,none,Request is not affordable within the 90-day forecast.
request_90,2560,affordable_now,full_payment,2026-07-06:2560,2026-07-06,none,Full payment of 2560 is safe on the request date.
request_91,585.44,affordable_later,wait,none,2024-11-15,none,Full payment becomes safe on 2024-11-15.
request_92,34034,affordable_now,full_payment,2025-02-05:34034,2025-02-05,none,Full payment of 34034 is safe on the request date.
request_93,1729.2,affordable_now,full_payment,2026-04-07:1729.2,2026-04-07,none,Full payment of 1729.2 is safe on the request date.
request_94,499.96,not_affordable,not_recommended,none,,none,Request is not affordable within the 90-day forecast.
request_95,37373.82,not_affordable,not_recommended,none,,none,Request is not affordable within the 90-day forecast.
request_96,24212.62,not_affordable,not_recommended,none,,none,Request is not affordable within the 90-day forecast.
request_97,0,not_affordable,not_recommended,none,,none,Request is not affordable within the 90-day forecast.
request_98,10628.54,affordable_later,wait,none,2025-09-15,none,Full payment becomes safe on 2025-09-15.
request_99,18062,affordable_now,full_payment,2026-07-04:18062,2026-07-04,none,Full payment of 18062 is safe on the request date.
request_100,0,not_affordable,not_recommended,none,,none,Request is not affordable within the 90-day forecast.
request_101,143500,affordable_now,full_payment,2025-11-03:143500,2025-11-03,none,Full payment of 143500 is safe on the request date.
request_102,0,not_affordable,not_recommended,none,,none,Request is not affordable within the 90-day forecast.
request_103,26448.9,not_affordable,not_recommended,none,,none,Request is not affordable within the 90-day forecast.
request_104,14997.29,affordable_later,wait,none,2025-04-15,none,Full payment becomes safe on 2025-04-15.
request_105,53500,affordable_now,full_payment,2026-06-08:53500,2026-06-08,none,Full payment of 53500 is safe on the request date.
request_106,468.18,affordable_later,wait,none,2025-02-15,none,Full payment becomes safe on 2025-02-15.
request_107,0,not_affordable,not_recommended,none,,none,Request is not affordable within the 90-day forecast.
request_108,4460.33,not_affordable,not_recommended,none,,none,Request is not affordable within the 90-day forecast.
request_109,0,not_affordable,not_recommended,none,,none,Request is not affordable within the 90-day forecast.
request_110,22352,not_affordable,not_recommended,none,2025-08-06,none,Request is not affordable within the 90-day forecast.
request_111,16625000,affordable_now,full_payment,2026-04-03:16625000,2026-04-03,none,Full payment of 16625000 is safe on the request date.
request_112,0,not_affordable,not_recommended,none,,none,Request is not affordable within the 90-day forecast.
request_113,32456.87,affordable_with_plan,partial_payment,2026-09-04:32456.87|2026-09-15:4043.13,2026-09-15,none,Safe to proceed via partial payment.
request_114,65300,affordable_now,full_payment,2026-01-04:65300,2026-01-04,none,Full payment of 65300 is safe on the request date.
request_115,16001.91,affordable_later,wait,none,2024-11-15,none,Full payment becomes safe on 2024-11-15.
request_116,28630.16,not_affordable,not_recommended,none,,none,Request is not affordable within the 90-day forecast.
request_117,880,affordable_now,full_payment,2026-07-05:880,2026-07-05,none,Full payment of 880 is safe on the request date.
request_118,0,not_affordable,not_recommended,none,,none,Request is not affordable within the 90-day forecast.
request_119,0,not_affordable,not_recommended,none,,none,Request is not affordable within the 90-day forecast.
request_120,7714000,affordable_now,full_payment,2026-04-06:7714000,2026-04-06,none,Full payment of 7714000 is safe on the request date.
request_121,633.6,affordable_now,full_payment,2024-03-03:633.6,2024-03-03,none,Full payment of 633.6 is safe on the request date.
request_122,0,not_affordable,not_recommended,none,,none,Request is not affordable within the 90-day forecast.
request_123,4076000,affordable_now,full_payment,2026-01-07:4076000,2026-01-07,none,Full payment of 4076000 is safe on the request date.
request_124,0,not_affordable,not_recommended,none,,none,Request is not affordable within the 90-day forecast.
request_125,6468,affordable_now,full_payment,2025-11-06:6468,2025-11-06,none,Full payment of 6468 is safe on the request date.
request_126,51649.68,not_affordable,not_recommended,none,,none,Request is not affordable within the 90-day forecast.
request_127,0,not_affordable,not_recommended,none,,none,Request is not affordable within the 90-day forecast.
request_128,25168,affordable_now,full_payment,2025-02-07:25168,2025-02-07,none,Full payment of 25168 is safe on the request date.
request_129,150.14,not_affordable,not_recommended,none,,none,Request is not affordable within the 90-day forecast.
request_130,653.38,affordable_later,wait,none,2025-01-15,none,Full payment becomes safe on 2025-01-15.
request_131,1275.53,affordable_with_plan,partial_payment,2025-05-03:1275.53|2025-06-15:579.67,2025-06-15,none,Safe to proceed via partial payment.
request_132,359.19,affordable_with_plan,partial_payment,2026-01-05:359.19|2026-01-15:20.67,2026-01-15,none,Safe to proceed via partial payment.
request_133,1055409.73,not_affordable,not_recommended,none,,none,Request is not affordable within the 90-day forecast.
request_134,7214167.93,affordable_later,wait,none,2025-09-15,none,Full payment becomes safe on 2025-09-15.
request_135,304.8,affordable_now,full_payment,2026-07-06:304.8,2026-07-06,none,Full payment of 304.8 is safe on the request date.
request_136,560.4,affordable_now,full_payment,2024-06-03:560.4,2024-06-03,none,Full payment of 560.4 is safe on the request date.
request_137,31721.94,affordable_later,wait,none,2025-12-15,none,Full payment becomes safe on 2025-12-15.
request_138,1070.83,affordable_with_plan,partial_payment,2026-04-07:1070.83|2026-04-15:186.11,2026-04-15,none,Safe to proceed via partial payment.
request_139,0,not_affordable,not_recommended,none,,none,Request is not affordable within the 90-day forecast.
request_140,0,not_affordable,not_recommended,none,,none,Request is not affordable within the 90-day forecast.
request_141,32629.27,not_affordable,not_recommended,none,,none,Request is not affordable within the 90-day forecast.
request_142,1263.6,affordable_now,full_payment,2024-12-05:1263.6,2024-12-05,none,Full payment of 1263.6 is safe on the request date.
request_143,5568.47,affordable_later,wait,none,2025-06-15,none,Full payment becomes safe on 2025-06-15.
request_144,0,not_affordable,not_recommended,none,,none,Request is not affordable within the 90-day forecast.
request_145,0,not_affordable,not_recommended,none,,none,Request is not affordable within the 90-day forecast.
request_146,40005.51,not_affordable,not_recommended,none,,none,Request is not affordable within the 90-day forecast.
request_147,0,not_affordable,not_recommended,none,,none,Request is not affordable within the 90-day forecast.
request_148,11214.34,affordable_with_plan,partial_payment,2024-06-07:11214.34|2024-06-15:11027.66,2024-06-15,none,Safe to proceed via partial payment.
request_149,0,not_affordable,not_recommended,none,,none,Request is not affordable within the 90-day forecast.
request_150,0,not_affordable,not_recommended,none,,none,Request is not affordable within the 90-day forecast.
request_151,26999000,affordable_now,full_payment,2024-09-03:26999000,2024-09-03,none,Full payment of 26999000 is safe on the request date.
request_152,0,not_affordable,not_recommended,none,,none,Request is not affordable within the 90-day forecast.
request_153,304.23,not_affordable,not_recommended,none,,none,Request is not affordable within the 90-day forecast.
request_154,0,not_affordable,not_recommended,none,,none,Request is not affordable within the 90-day forecast.
request_155,73558.1,not_affordable,not_recommended,none,,none,Request is not affordable within the 90-day forecast.
request_156,10744.44,affordable_later,wait,none,2026-05-15,none,Full payment becomes safe on 2026-05-15.
request_157,6031844.46,affordable_with_plan,partial_payment,2024-03-05:6031844.46|2024-04-15:17471155.54,2024-04-15,none,Safe to proceed via partial payment.
request_158,0,not_affordable,not_recommended,none,,none,Request is not affordable within the 90-day forecast.
request_159,3380.64,not_affordable,not_recommended,none,,none,Request is not affordable within the 90-day forecast.
request_160,699.47,affordable_with_plan,partial_payment,2024-06-06:699.47|2024-06-15:546.83,2024-06-15,none,Safe to proceed via partial payment.
request_161,0,not_affordable,not_recommended,none,,none,Request is not affordable within the 90-day forecast.
request_162,4663700.46,not_affordable,not_recommended,none,,none,Request is not affordable within the 90-day forecast.
request_163,0,not_affordable,not_recommended,none,,none,Request is not affordable within the 90-day forecast.
request_164,0,not_affordable,not_recommended,none,,none,Request is not affordable within the 90-day forecast.
request_165,80600,affordable_now,full_payment,2026-04-06:80600,2026-04-06,none,Full payment of 80600 is safe on the request date.
request_166,0,not_affordable,not_recommended,none,,none,Request is not affordable within the 90-day forecast.
request_167,43802,affordable_now,full_payment,2025-05-05:43802,2025-05-05,none,Full payment of 43802 is safe on the request date.
request_168,48951.13,affordable_with_plan,partial_payment,2026-01-07:48951.13|2026-01-15:428.87,2026-01-15,none,Safe to proceed via partial payment.
request_169,41976,affordable_now,full_payment,2024-03-04:41976,2024-03-04,none,Full payment of 41976 is safe on the request date.
request_170,0,not_affordable,not_recommended,none,,none,Request is not affordable within the 90-day forecast.
request_171,151.62,not_affordable,not_recommended,none,,none,Request is not affordable within the 90-day forecast.
request_172,9528.88,affordable_with_plan,partial_payment,2024-06-05:9528.88|2024-06-15:671.12,2024-06-15,none,Safe to proceed via partial payment.
request_173,0,not_affordable,not_recommended,none,,none,Request is not affordable within the 90-day forecast.
request_174,0,not_affordable,not_recommended,none,,none,Request is not affordable within the 90-day forecast.
request_175,2346.3,affordable_now,full_payment,2024-09-06:2346.3,2024-09-06,none,Full payment of 2346.3 is safe on the request date.
request_176,245.51,not_affordable,not_recommended,none,,none,Request is not affordable within the 90-day forecast.
request_177,1017.6,affordable_now,full_payment,2026-01-05:1017.6,2026-01-05,none,Full payment of 1017.6 is safe on the request date.
request_178,0,not_affordable,not_recommended,none,,none,Request is not affordable within the 90-day forecast.
request_179,12573237.16,affordable_later,wait,none,2025-06-15,none,Full payment becomes safe on 2025-06-15.
request_180,0,not_affordable,not_recommended,none,,none,Request is not affordable within the 90-day forecast.
request_181,531.23,not_affordable,not_recommended,none,,none,Request is not affordable within the 90-day forecast.
request_182,65714,affordable_now,full_payment,2025-08-05:65714,2025-08-05,none,Full payment of 65714 is safe on the request date.
request_183,0,not_affordable,not_recommended,none,,none,Request is not affordable within the 90-day forecast.
request_184,14512.54,not_affordable,not_recommended,none,,none,Request is not affordable within the 90-day forecast.
request_185,482.01,affordable_with_plan,partial_payment,2025-11-06:482.01|2025-12-15:775.29,2025-12-15,none,Safe to proceed via partial payment.
request_186,7721.89,affordable_later,wait,none,2026-02-15,none,Full payment becomes safe on 2026-02-15.
request_187,37998.64,affordable_with_plan,partial_payment,2024-09-05:37998.64|2024-11-15:149501.36,2024-11-15,none,Safe to proceed via partial payment.
request_188,281.03,not_affordable,not_recommended,none,,none,Request is not affordable within the 90-day forecast.
request_189,488.4,affordable_now,full_payment,2026-07-04:488.4,2026-07-04,none,Full payment of 488.4 is safe on the request date.
request_190,802.21,affordable_with_plan,partial_payment,2024-12-06:802.21|2025-02-15:1755.29,2025-02-15,none,Safe to proceed via partial payment.
request_191,664.4,affordable_now,full_payment,2025-05-03:664.4,2025-05-03,none,Full payment of 664.4 is safe on the request date.
request_192,199.27,affordable_later,wait,none,2026-06-15,none,Full payment becomes safe on 2026-06-15.
request_193,0,not_affordable,not_recommended,none,,none,Request is not affordable within the 90-day forecast.
request_194,41170.16,affordable_later,wait,none,2025-10-15,none,Full payment becomes safe on 2025-10-15.
request_195,0,not_affordable,not_recommended,none,,none,Request is not affordable within the 90-day forecast.
request_196,762.3,affordable_now,full_payment,2024-06-03:762.3,2024-06-03,none,Full payment of 762.3 is safe on the request date.
request_197,0,not_affordable,not_recommended,none,,none,Request is not affordable within the 90-day forecast.
request_198,185800,affordable_now,full_payment,2026-07-07:185800,2026-07-07,none,Full payment of 185800 is safe on the request date.
request_199,0,not_affordable,not_recommended,none,,none,Request is not affordable within the 90-day forecast.
request_200,21717000,affordable_now,full_payment,2025-02-06:21717000,2025-02-06,none,Full payment of 21717000 is safe on the request date.
request_201,23997000,affordable_now,full_payment,2026-04-03:23997000,2026-04-03,none,Full payment of 23997000 is safe on the request date.
request_202,123900,affordable_now,full_payment,2024-12-05:123900,2024-12-05,none,Full payment of 123900 is safe on the request date.
request_203,0,not_affordable,not_recommended,none,,none,Request is not affordable within the 90-day forecast.
request_204,0,not_affordable,not_recommended,none,,none,Request is not affordable within the 90-day forecast.
request_205,10621000,affordable_now,full_payment,2024-03-06:10621000,2024-03-06,none,Full payment of 10621000 is safe on the request date.
request_206,0,not_affordable,not_recommended,none,,none,Request is not affordable within the 90-day forecast.
request_207,0,not_affordable,not_recommended,none,,none,Request is not affordable within the 90-day forecast.
request_208,4413000,affordable_now,full_payment,2024-06-07:4413000,2024-06-07,none,Full payment of 4413000 is safe on the request date.
request_209,3418.64,not_affordable,not_recommended,none,,none,Request is not affordable within the 90-day forecast.
request_210,0,not_affordable,not_recommended,none,,none,Request is not affordable within the 90-day forecast.
request_211,0,not_affordable,not_recommended,none,,none,Request is not affordable within the 90-day forecast.
request_212,6457704.3,not_affordable,not_recommended,none,,none,Request is not affordable within the 90-day forecast.
request_213,0,not_affordable,not_recommended,none,,none,Request is not affordable within the 90-day forecast.
request_214,0,not_affordable,not_recommended,none,,none,Request is not affordable within the 90-day forecast.
request_215,0,not_affordable,not_recommended,none,,none,Request is not affordable within the 90-day forecast.
request_216,600.72,affordable_later,wait,none,2026-09-15,none,Full payment becomes safe on 2026-09-15.
request_217,21191.3,affordable_with_plan,partial_payment,2024-03-05:21191.3|2024-04-15:15988.7,2024-04-15,none,Safe to proceed via partial payment.
request_218,0,not_affordable,not_recommended,none,,none,Request is not affordable within the 90-day forecast.
request_219,0,not_affordable,not_recommended,none,,none,Request is not affordable within the 90-day forecast.
request_220,309.61,not_affordable,not_recommended,none,2024-08-15,none,Request is not affordable within the 90-day forecast.
request_221,109800,affordable_now,full_payment,2025-11-03:109800,2025-11-03,none,Full payment of 109800 is safe on the request date.
request_222,34078,affordable_now,full_payment,2026-01-05:34078,2026-01-05,none,Full payment of 34078 is safe on the request date.
request_223,898.7,affordable_now,full_payment,2024-09-07:898.7,2024-09-07,none,Full payment of 898.7 is safe on the request date.
request_224,0,not_affordable,not_recommended,none,,none,Request is not affordable within the 90-day forecast.
request_225,12510280.78,affordable_with_plan,partial_payment,2026-07-06:12510280.78|2026-08-15:9548719.22,2026-08-15,none,Safe to proceed via partial payment.
request_226,157000,affordable_now,full_payment,2024-12-03:157000,2024-12-03,none,Full payment of 157000 is safe on the request date.
request_227,23387.71,not_affordable,not_recommended,none,,none,Request is not affordable within the 90-day forecast.
request_228,0,not_affordable,not_recommended,none,,none,Request is not affordable within the 90-day forecast.
request_229,0,not_affordable,not_recommended,none,,none,Request is not affordable within the 90-day forecast.
request_230,3537.6,affordable_now,full_payment,2025-08-06:3537.6,2025-08-06,none,Full payment of 3537.6 is safe on the request date.
request_231,0,not_affordable,not_recommended,none,,none,Request is not affordable within the 90-day forecast.
request_232,0,not_affordable,not_recommended,none,,none,Request is not affordable within the 90-day forecast.
request_233,0,not_affordable,not_recommended,none,,none,Request is not affordable within the 90-day forecast.
request_234,356.75,affordable_later,wait,none,2026-08-15,none,Full payment becomes safe on 2026-08-15.
request_235,967.2,affordable_now,full_payment,2024-09-06:967.2,2024-09-06,none,Full payment of 967.2 is safe on the request date.
request_236,8370884.95,not_affordable,not_recommended,none,2025-04-15,none,Request is not affordable within the 90-day forecast.
request_237,23826000,affordable_now,full_payment,2026-04-05:23826000,2026-04-05,none,Full payment of 23826000 is safe on the request date.
request_238,0,not_affordable,not_recommended,none,,none,Request is not affordable within the 90-day forecast.
request_239,0,not_affordable,not_recommended,none,,none,Request is not affordable within the 90-day forecast.
request_240,0,not_affordable,not_recommended,none,,none,Request is not affordable within the 90-day forecast.
request_241,0,not_affordable,not_recommended,none,,none,Request is not affordable within the 90-day forecast.
request_242,0,not_affordable,not_recommended,none,,none,Request is not affordable within the 90-day forecast.
request_243,17468,affordable_now,full_payment,2026-07-07:17468,2026-07-07,none,Full payment of 17468 is safe on the request date.
request_244,21786.08,not_affordable,not_recommended,none,,none,Request is not affordable within the 90-day forecast.
request_245,44515.2,affordable_later,wait,none,2025-12-15,none,Full payment becomes safe on 2025-12-15.
request_246,0,not_affordable,not_recommended,none,,none,Request is not affordable within the 90-day forecast.
request_247,1059.3,affordable_now,full_payment,2024-09-05:1059.3,2024-09-05,none,Full payment of 1059.3 is safe on the request date.
request_248,653.57,not_affordable,not_recommended,none,,none,Request is not affordable within the 90-day forecast.
request_249,185.28,affordable_later,wait,none,2026-02-15,none,Full payment becomes safe on 2026-02-15.
request_250,16660.16,not_affordable,not_recommended,none,,none,Request is not affordable within the 90-day forecast.
request_251,862.91,not_affordable,not_recommended,none,,none,Request is not affordable within the 90-day forecast.
request_252,5880166.58,affordable_later,wait,none,2026-08-15,none,Full payment becomes safe on 2026-08-15.
request_253,0,not_affordable,not_recommended,none,,none,Request is not affordable within the 90-day forecast.
request_254,0,not_affordable,not_recommended,none,,none,Request is not affordable within the 90-day forecast.
request_255,3345000,affordable_now,full_payment,2026-04-06:3345000,2026-04-06,none,Full payment of 3345000 is safe on the request date.
request_256,0,not_affordable,not_recommended,none,,none,Request is not affordable within the 90-day forecast.
request_257,550.5,affordable_later,wait,none,2025-12-15,none,Full payment becomes safe on 2025-12-15.
request_258,1113.6,affordable_now,full_payment,2026-01-07:1113.6,2026-01-07,none,Full payment of 1113.6 is safe on the request date.
request_259,206.97,affordable_later,wait,none,2024-11-15,none,Full payment becomes safe on 2024-11-15.
request_260,11865279.65,not_affordable,not_recommended,none,,none,Request is not affordable within the 90-day forecast.
request_261,1830.4,affordable_now,full_payment,2026-07-03:1830.4,2026-07-03,none,Full payment of 1830.4 is safe on the request date.
request_262,9236000,affordable_now,full_payment,2024-12-05:9236000,2024-12-05,none,Full payment of 9236000 is safe on the request date.
request_263,10294.09,not_affordable,not_recommended,none,,none,Request is not affordable within the 90-day forecast.
request_264,26085.75,affordable_later,wait,none,2026-05-15,none,Full payment becomes safe on 2026-05-15.
request_265,45970,affordable_now,full_payment,2024-03-06:45970,2024-03-06,none,Full payment of 45970 is safe on the request date.
request_266,0,not_affordable,not_recommended,none,,none,Request is not affordable within the 90-day forecast.
request_267,1709.06,affordable_with_plan,partial_payment,2026-01-05:1709.06|2026-01-15:215.94,2026-01-15,none,Safe to proceed via partial payment.
request_268,0,not_affordable,not_recommended,none,,none,Request is not affordable within the 90-day forecast.
request_269,0,not_affordable,not_recommended,none,,none,Request is not affordable within the 90-day forecast.
request_270,231.46,not_affordable,not_recommended,none,2026-09-15,none,Request is not affordable within the 90-day forecast.
request_271,24374.43,affordable_later,wait,none,2024-11-15,none,Full payment becomes safe on 2024-11-15.
request_272,0,not_affordable,not_recommended,none,,none,Request is not affordable within the 90-day forecast.
request_273,11904801.77,affordable_with_plan,partial_payment,2026-04-07:11904801.77|2026-04-15:3956198.23,2026-04-15,none,Safe to proceed via partial payment.
request_274,0,not_affordable,not_recommended,none,,none,Request is not affordable within the 90-day forecast.
request_275,15884000,affordable_now,full_payment,2025-05-06:15884000,2025-05-06,none,Full payment of 15884000 is safe on the request date.
